,flesch_kincaid_grade,type_token_ratio,gunning_fog,coleman_liau,avg_sentence_length,flesch_reading_ease
flesch_kincaid_grade,1.0,-0.31076589444485736,0.9999046898923305,0.16024695596383914,0.9918578675737654,-0.9994576837067461
type_token_ratio,-0.31076589444485736,1.0,-0.31253271669041466,0.34636274224503294,-0.3066845487347102,0.3049990298648158
gunning_fog,0.9999046898923305,-0.31253271669041466,1.0,0.15550098715517854,0.9917949590702863,-0.9991742081462454
coleman_liau,0.16024695596383914,0.34636274224503294,0.15550098715517854,1.0,0.14915298315602918,-0.1813513245856375
avg_sentence_length,0.9918578675737654,-0.3066845487347102,0.9917949590702863,0.14915298315602918,1.0,-0.9907743377196471
flesch_reading_ease,-0.9994576837067461,0.3049990298648158,-0.9991742081462454,-0.1813513245856375,-0.9907743377196471,1.0
